Category,Item,Qty,Unit Low (USD),Unit High (USD),Typical (USD),Phase,Notes
Hull + Propulsion,Cheap RTR brushless catamaran (e.g. Volantex),1,80,160,120,v1,"Includes motor/ESC/servo/rudder; cheap enough to drill guilt-free; good starter"
Structure,3D-printed sensor superstructure (mast/gimbal/dry-box/mounts),1,15,60,30,v1,"Filament only; quick-release mast for Fast/Observe modes"
Brain,Raspberry Pi 4 (4GB) [Pi 5 optional],1,55,75,65,v1,"Companion computer; Pi 5 if cameras matter"
Autopilot,Flight controller running ArduPilot,1,40,220,120,v1,"Standalone FC (~$40-60, recommended) OR Navigator HAT ($220) OR bare Pi+PCA9685 (~$15+sensors)"
Positioning,uBlox GNSS GPS + compass,1,40,80,60,v1,"Waypoints + return-to-home"
Comms (primary),USB 4G/LTE modem + antennas,1,110,160,135,v1,"USB modem (not a HAT) to avoid GPIO conflict"
Comms (backup),ELRS 915MHz Rx + Tx module,1,50,80,65,v1,"Manual override + hardware failsafe; mandatory"
Power (drive),4S 8-10Ah LiPo + charger,1,90,160,120,v1,"Sized for ~30 min at cruise (~120-150 Wh)"
Power (electronics),Small 2S pack / USB power bank,1,20,40,30,v1,"Isolates Pi/sensors from motor current spikes"
Power (mgmt),Power module (V/I telemetry) + 5V UBEC/BEC,1,40,70,55,v1,"Battery telemetry + regulated 5V"
Waterproofing,Flotation foam + leak sensor + cable glands + wiring,1,80,150,100,v1,"#1 failure-mode mitigation; positive buoyancy"
Camera (pilot/live),Low-latency cam (Pi Cam 3 / USB / FPV),1,25,35,30,v1,"The feed you actually drive by; latency > resolution"
Camera (pan/tilt),2x servo + printed gimbal,1,20,35,25,v1,"Look around / track sailing; gamepad-controlled"
Perception,RPLidar C1 360-degree lidar,1,95,110,100,v1,"Native ArduPilot Rover obstacle avoidance; ~12m, close-range warning"
Wind,RS485 ultrasonic anemometer + USB-RS485 adapter,1,90,110,100,v1,"The 'in-between' pick: robust, no moving parts, affordable"
Mechanical,Vibration-isolation mount (Sorbothane pads) for the flight controller,1,8,20,12,v1,"REQUIRED — prevents accelerometer clipping / EKF failure at speed"
Thermal,Aluminum enclosure heatsink + Gore vent,1,30,80,50,v1,"Sealed-box heat path to water + condensation/pressure control"
Mechanical,Sensor tower (tripod/A-frame tube + guy wires + quick-release),1,20,60,35,v1,"Wide-base, short, guyed; only light sensors up top; keeps CG low"
SUBTOTAL,v1 (working long-range sensor boat),1,953,1585,1252,v1,"Now includes the audit additions: vibration mount + thermal enclosure + tower"
Camera (quality/record),Waterproof 4K action cam (DJI Osmo Action 6 / GoPro HERO13 / Insta360),1,200,400,300,v1.5,"Gorgeous 4K record + optional 1080p live; waterproof = big win on a boat"
Camera (alt: record+stream),Waterproof dual-stream RTSP IP camera (4K to SD + sub-stream to live),1,50,120,80,v1.5,"Single-device record AND stream; RTSP relayed to WebRTC via media server"
Thermal,FLIR Lepton 3.5 + PureThermal USB,1,250,350,300,phase2,"Heat-vision night/IR sensing; streams as UVC"
Camera (zoom),Optical-zoom camera on pan/tilt,1,80,250,150,phase2,"Watch distant sailing"
Comms (range),Higher-gain LTE + GPS antennas,1,30,80,55,phase2,"Better range / GPS fix"
Sonar (optional),Blue Robotics Ping echosounder + BLUART,1,430,430,430,phase2,"ONLY if you later want underwater depth/bathymetry"
Situational awareness (optional),AIS receiver + antenna,1,80,150,110,phase2,"See nearby large vessels on the dashboard map; cheap radar alternative; safety near traffic"
Hull v2,3D-printed custom planing catamaran hull,1,20,60,40,phase2,"Roomy hull for the FULL sensor suite"
Compute (optional),NVIDIA Jetson Orin Nano,1,250,500,400,phase2,"ONLY for onboard AI / computer vision; not needed for camera quality"
Connectivity,Data SIM (per month),1,10,25,18,recurring,"IoT / pay-as-you-go; ongoing cost"
Owned,Laptop / PC (runs the dashboard),1,0,0,0,owned,"Assumed already owned"
Owned,Xbox controller,1,0,0,0,owned,"Assumed already owned"
Owned,3D printer + filament,1,0,0,0,owned,"Assumed already owned"
Software,"All software (BlueOS, Cockpit, ArduPilot, Go, React, MapLibre, Tailscale free tier)",1,0,0,0,owned,"Open-source or self-built; $0"
