station_pct,x_from_transom_mm,keel_h_mm,deadrise_deg,chine_halfbreadth_mm,chine_h_mm,sheer_halfbreadth_mm,sheer_h_mm,tube_centre_halfbreadth_mm,tube_centre_h_mm,tube_radius_mm
0,0.0,0.00,16.00,200.00,57.35,215.00,198.20,215.00,198.20,63.50
5,61.5,0.45,16.00,200.00,57.80,215.34,198.88,215.34,198.88,63.50
10,123.0,0.91,16.00,200.00,58.26,215.95,200.39,215.95,200.39,63.50
15,184.5,1.36,16.00,200.00,58.71,216.74,202.57,216.74,202.57,63.50
20,246.0,1.82,16.00,200.00,59.17,217.68,205.33,217.68,205.33,63.50
25,307.5,2.27,16.00,200.00,59.62,218.75,208.62,218.75,208.62,63.50
30,369.0,2.73,16.00,200.00,60.08,219.93,212.41,219.93,212.41,63.50
35,430.5,3.18,16.00,200.00,60.53,221.21,216.66,221.21,216.66,63.50
40,492.0,3.64,17.00,200.00,64.78,222.59,221.37,222.59,221.37,63.50
45,553.5,4.09,18.00,200.00,69.07,224.06,226.50,224.06,226.50,63.50
50,615.0,4.55,19.00,200.00,73.41,225.61,232.06,225.61,232.06,63.50
55,676.5,5.00,20.00,200.00,77.79,227.24,238.01,227.24,238.01,63.50
60,738.0,8.83,21.00,196.57,84.29,225.51,244.36,216.75,241.91,63.50
65,799.5,18.34,22.00,187.62,94.15,218.35,251.09,199.57,249.03,63.50
70,861.0,32.68,23.00,173.80,106.46,206.37,258.19,178.43,258.26,63.50
75,922.5,51.46,24.00,155.38,120.64,189.87,265.65,154.22,269.18,63.50
80,984.0,74.43,25.00,132.58,136.25,169.05,273.47,127.44,281.57,63.50
85,1045.5,101.40,26.00,105.54,152.87,144.05,281.65,98.43,295.27,63.50
90,1107.0,132.22,30.67,74.36,176.32,114.98,290.16,67.40,310.16,63.50
95,1168.5,166.79,35.33,39.16,194.55,81.94,299.01,34.54,326.16,59.18
100,1230.0,205.00,40.00,18.00,220.10,63.00,308.20,9.00,343.20,8.00
